"city","year","region","num_obs","ch4co","ch4co_lower","ch4co_upper","ch4_full","ch4_full_lower","ch4_full_upper","ch4_sron","ch4_sron_lower","ch4_sron_upper"
"add",2023,"Africa",7,1.21340955591467,0.842966868908842,1.57564224179445,0.928859790948208,-1.00573190530532,2.98895273129979,0.923751436775892,0.580353299289719,1.33459389355555
"ahm",2019,"South & West Asia",23,0.955818413397913,0.825724616685743,1.10235578210523,0.388587066914455,-0.513275111878748,1.27074629342238,0.399991962067447,0.299460387759028,0.527693194937563
"ahm",2020,"South & West Asia",44,0.892353136622164,0.800953266673735,0.996524607533866,0.37776703848436,-0.503749126947738,1.32227366141787,0.385269180822795,0.286082005147267,0.49064513686065
"ahm",2021,"South & West Asia",56,0.961802279223965,0.880404020210129,1.04842179103433,0.39544753830289,-0.573579266908839,1.4064257461651,0.423122543076609,0.311061991890909,0.524495035414199
"ahm",2022,"South & West Asia",62,0.970122625524393,0.899563618439989,1.03936383040555,0.427024848473245,-0.547342482329154,1.42983477070677,0.429892846975056,0.322793777294918,0.538361115446025
"ahm",2023,"South & West Asia",69,1.04960925603336,0.977290101077944,1.13125574769472,0.480195287526467,-0.640008100974732,1.61937458646833,0.465055261893947,0.350903797975918,0.58599009256069
"amm",2020,"South & West Asia",6,0.900757590095754,0.703309465422819,1.1225746812631,0.0352546405470813,-0.033854968642673,0.107777462626359,0.0340170673829524,0.0227657756387054,0.0471538922083565
"amm",2021,"South & West Asia",10,1.03393849444434,0.85947805541503,1.1960190280056,0.0424255897674079,-0.0460964108270987,0.128733546774916,0.0430156273143394,0.0308927955746981,0.0559409186376624
"amm",2022,"South & West Asia",17,1.30429387126843,1.14267985332109,1.50153751987818,0.0551817343138624,-0.0567351181828742,0.166780082250843,0.0554201594107206,0.0404222141355792,0.0702547605580004
"amm",2023,"South & West Asia",23,1.19770643594857,1.05943280792934,1.35202659448032,0.0505350271803975,-0.0537084441843337,0.160477596259875,0.0504362819162348,0.0373416821114666,0.0628985262060274
"ams",2019,"Europe",8,1.252114092086,0.929009971011613,1.67756505233248,0.253974493290352,-0.0333686266093063,0.584110611325762,0.242358037557191,0.160102905883245,0.347893877146422
"ams",2020,"Europe",11,1.11855599637984,0.911860046880989,1.37064461692172,0.1987102934279,-0.0457006925492034,0.448542571483815,0.193054976737654,0.132834421483454,0.262213172563611
"ams",2021,"Europe",12,0.9798720013668,0.824813237815287,1.16792150322471,0.177752690832954,-0.0454300092876277,0.418187256895036,0.177588693417237,0.129819951131369,0.235451081085385
"ams",2022,"Europe",13,1.11498021984984,0.881043098073906,1.35634760123999,0.195287670850866,-0.0499129670219504,0.445463205549812,0.193539426520196,0.136262810613177,0.256463368994048
"ams",2023,"Europe",24,1.23289953508917,0.986154496635061,1.61786435440076,0.216808400899953,-0.0486556153272311,0.502914541396103,0.215523534189005,0.144139762921926,0.303315326665755
"asu",2019,"Latin America",46,1.03590218540675,0.916155691206929,1.19173552056308,0.142275947517643,-0.173279239131333,0.451762863863846,0.147554871862518,0.108443325252414,0.18760178288087
"asu",2020,"Latin America",32,0.935420540645544,0.849892871338549,1.03424046481433,0.133725281741717,-0.150223561964812,0.389650753946749,0.132203035733333,0.100618335407043,0.167062028859162
"asu",2021,"Latin America",70,1.02597692710859,0.966300855270416,1.08855611116921,0.155870090271169,-0.14390911346162,0.466569220878996,0.150148805542889,0.113136763896145,0.186655624796224
"asu",2022,"Latin America",63,0.929225166592378,0.865356037714146,0.991304293646122,0.128498483307962,-0.152218258432004,0.411892305229369,0.136769102356034,0.101731978945719,0.169830106543602
"asu",2023,"Latin America",68,1.04379783662571,0.973900363803891,1.12543233966283,0.15256123472702,-0.162508329360356,0.51161937466415,0.152086569549912,0.114508500252598,0.186087269760166
"atl",2019,"North America",18,1.49413989258565,1.03922593139589,2.06756226795669,0.184760942174741,0.0228787055273517,0.377475226291917,0.181850455940994,0.112640060637147,0.270056574180687
"atl",2020,"North America",29,0.929034233635256,0.796736347200315,1.07169359421286,0.106912941053249,0.0243242860459664,0.19624888436518,0.103247614739347,0.0745467404561829,0.132138913847749
"atl",2021,"North America",26,1.04926419459124,0.904628846912869,1.20995879467698,0.12518360558667,0.0253804658575821,0.243444170286966,0.126735064692075,0.0927799931825751,0.163768206967763
"atl",2022,"North America",29,0.966628562201781,0.83606281025044,1.12473891627658,0.119019152148724,0.0141981519064914,0.224573502544468,0.118898157639082,0.0867248618798697,0.153962353780698
"atl",2023,"North America",32,0.99723889630185,0.88380292617671,1.1082000938947,0.120734841905932,0.0152659341339144,0.223356051177519,0.122510534952297,0.0897590133203364,0.153224850779263
"aus",2020,"North America",9,0.836786275275828,0.585043353628644,1.17775958515361,0.0407163658683236,0.00573385389366489,0.084864176812028,0.0406277129856481,0.0256235048035271,0.0600201838118153
"aus",2021,"North America",8,0.98688837747761,0.811538415378394,1.1846520405511,0.0513365722134379,0.00834968515890903,0.0984091521366585,0.0516550908370166,0.0369564779602372,0.0687335592238543
"aus",2022,"North America",20,1.15111810522186,1.01340579164018,1.3056458223914,0.0621314978150845,0.0047590306357385,0.120001058770581,0.0618270864949675,0.04638641718415,0.0779804983678801
"aus",2023,"North America",14,1.23098703098985,1.09246643604201,1.35435552661288,0.0688126036174217,0.0122268790355464,0.125049526768366,0.0655638971375945,0.0477521085707239,0.0822101663702496
"bag",2019,"South & West Asia",17,0.853857576972729,0.767771967185499,0.946247323262238,0.0335142209986402,-0.0346662434444092,0.107187963183798,0.0341543510383318,0.0254226166834032,0.0422231848179985
"bag",2020,"South & West Asia",27,0.93276916572439,0.841434723647255,1.02280339818473,0.0367966394419282,-0.0446800826277725,0.113716562471005,0.0366249244429027,0.0260179471501236,0.0455139291770731
"bag",2021,"South & West Asia",23,1.06331042593828,0.963637029192828,1.17068109596656,0.044423384293055,-0.0420389449607715,0.130642477604123,0.0446957321614436,0.0332246911607822,0.0551356285529115
"bag",2022,"South & West Asia",27,1.03367499417607,0.914046937012875,1.16353582403926,0.0469816461360785,-0.0432422801008485,0.137585580742016,0.04617199273799,0.0337380259264128,0.0585683002825062
"bag",2023,"South & West Asia",49,1.08312116177385,0.989694466669394,1.18311494475403,0.0482685246764203,-0.0581587829073213,0.147677522683304,0.048932574377094,0.0358237893760783,0.0601732652120935
"bar",2020,"Europe",8,1.41401367564476,1.16140873693524,1.66443042849153,0.0728838016247884,-0.0161613950462497,0.165538319168895,0.0713475243938644,0.0512916658765963,0.093167677817935
"bar",2021,"Europe",8,1.89527979993711,1.50127107589267,2.42444409513111,0.0983153987330904,-0.0242418223228038,0.223041240496696,0.0977798437488859,0.0670406495378405,0.134654955581376
"bar",2022,"Europe",11,1.32600530120924,1.16472688629099,1.57729239974904,0.0685052624176348,-0.0197786391970852,0.152517480532703,0.0685986884037857,0.0509060649389831,0.0899881914510637
"bar",2023,"Europe",27,1.61810147809119,1.45267031217058,1.80379686471529,0.0862379317794827,-0.0211570608290893,0.193384997021067,0.0841657629680509,0.0624828855967739,0.107294677481748
"bei",2019,"Central East Asia",62,0.800334270313883,0.710158352346864,0.898431011339712,0.612357219158131,-0.625180762003835,1.84565927888219,0.643884929751818,0.471726580729311,0.813786295336199
"bei",2020,"Central East Asia",57,0.872226367848136,0.776170343313782,0.976917143785342,0.712162088740135,-0.590179462307997,2.04093721067622,0.682249070243401,0.498403956597824,0.873823000856263
"bei",2021,"Central East Asia",41,0.922740902861112,0.824662588886485,1.0308445975042,0.706885873744355,-0.700184172429006,2.07734230161248,0.740456171708794,0.552965740150719,0.935089486912734
"bei",2022,"Central East Asia",48,0.855059612736315,0.774792855257905,0.944738499563146,0.67630921885803,-0.563212983505595,1.90959689176236,0.687728691978,0.506296032804195,0.85954854636835
"bei",2023,"Central East Asia",48,0.929678404098468,0.826168020740935,1.03426517190947,0.713224033638128,-0.742518748065474,2.31077596837836,0.752717378802202,0.560325752236026,0.972722855692128
"ben",2019,"South & West Asia",10,0.821891500354078,0.687912209549312,1.05416885122576,0.330306081479341,-0.508119188225143,1.14706162323281,0.342179369991581,0.252552576351031,0.47569015063178
"ben",2020,"South & West Asia",12,0.833794756827629,0.668318257816071,1.01909020808873,0.349084901335391,-0.459971589481363,1.15688795754855,0.353402625644289,0.245859727967113,0.472792807918492
"ben",2021,"South & West Asia",24,0.856313812199499,0.753197496951625,0.973796962256418,0.359001318525836,-0.565442061751147,1.25759222141118,0.371675716999708,0.278128374804999,0.479646661951333
"ben",2022,"South & West Asia",24,1.00337959808958,0.90344247036185,1.11217534976107,0.405525289943287,-0.610820628709731,1.39954984853685,0.437643425692241,0.330050216303073,0.561815715525735
"ben",2023,"South & West Asia",36,0.972520014548811,0.879559774901057,1.07293153201771,0.455744443987989,-0.500565342244438,1.45721712968983,0.42451824106668,0.311537499007155,0.536762101687731
"ber",2019,"Europe",6,1.32395268224029,0.815101266436283,2.0576258075784,0.0745903007948471,-0.0155534099634906,0.188931096455256,0.0762498589823105,0.0442154444665121,0.124151642729781
"ber",2020,"Europe",20,1.13029210618203,0.87947197718082,1.51262711134321,0.0609878326620856,-0.0134062947362236,0.142605587752561,0.0623869936962395,0.0420465522199944,0.0868986405047423
"ber",2021,"Europe",16,1.31604973602461,1.07921580533858,1.5921404544035,0.0795677406015416,-0.0137648330275769,0.179607400082304,0.0779447079623751,0.0538527818950658,0.105341282543058
"ber",2022,"Europe",14,1.03792017475977,0.872580683482793,1.22394087854783,0.0619884116942872,-0.0153908165309736,0.13669636961863,0.0613164534063345,0.0459163139393248,0.0788610473333469
"ber",2023,"Europe",31,1.24745916237916,1.02684818031703,1.51979502408886,0.0754949310926224,-0.0148872143620272,0.174257996646627,0.0741922961536232,0.0510389394618037,0.0982484310507928
"bgk",2019,"East, Southeast Asia & Oceania",31,1.08166994247442,0.935169166190686,1.23764461759674,0.749258484011136,-0.778011635001113,2.36008628359616,0.732495104400235,0.541836324165528,0.936903817472696
"bgk",2020,"East, Southeast Asia & Oceania",23,1.09072774815834,0.820966213024899,1.44661202847172,0.600604110082296,-0.623171695683565,1.9431874752948,0.610359100277387,0.415403154171055,0.862545268651008
"bgk",2021,"East, Southeast Asia & Oceania",35,1.13021233271913,1.01603387793368,1.25507420789515,0.605666552837576,-0.744528787463216,1.98813132252716,0.62907839428522,0.460566262290187,0.798164361185806
"bgk",2022,"East, Southeast Asia & Oceania",20,1.40917653254711,1.22040526079726,1.64229306780529,0.736248442049481,-0.847196288001566,2.49838705899409,0.788189886718424,0.577455805443928,1.02439773650757
"bgk",2023,"East, Southeast Asia & Oceania",29,1.24641524920268,1.0967899735341,1.40499022583459,0.672126479515119,-0.763137258589271,2.21986195187244,0.698220622658729,0.533190534323979,0.901267882080403
"bos",2019,"North America",20,1.06699553962965,0.849452012118062,1.29185883323979,0.162056736566181,0.0207334153554804,0.312867310490528,0.161275441326281,0.115989398893198,0.215776488244683
"bos",2020,"North America",18,0.997932821821739,0.767246757745871,1.2758269470349,0.1320967652584,0.0161042240989126,0.254127986033332,0.134632091623195,0.0925639791657242,0.183171395184325
"bos",2021,"North America",22,0.988145471160588,0.866551357513118,1.10614672259342,0.148781621737305,0.0212492095141732,0.276443141547647,0.147848325037556,0.109364344770675,0.190653742113044
"bos",2022,"North America",23,1.37461319564909,1.05232389176176,1.86321619777895,0.206269415260181,0.032463032659868,0.413201499053835,0.210994566551798,0.143737037330876,0.314367698875371
"bos",2023,"North America",24,1.12776831917312,0.9610000794337,1.28464942445159,0.173243027615221,0.021967294859991,0.333674099932144,0.17282621736724,0.130343183463938,0.222143819473988
"bra",2019,"Latin America",11,1.22964635907043,1.02006031789246,1.48540186303357,0.125502502707339,-0.171581091688055,0.426414587260776,0.124960999824306,0.0924969772309242,0.166322231325466
"bra",2020,"Latin America",24,1.10842708602629,0.957710569163866,1.2887925626828,0.110148727162341,-0.156257077417191,0.40125180888951,0.114271373693078,0.085438200203771,0.148465435964865
"bra",2021,"Latin America",22,1.15699961043859,0.989237662325843,1.35629703038726,0.119587253753613,-0.175873517301188,0.433496839976544,0.122086293498215,0.0880382281098638,0.158668786184051
"bra",2022,"Latin America",27,1.28117111692217,1.16828918465052,1.43072679112034,0.13271291235074,-0.189571734751318,0.457690283177366,0.138183527968712,0.102047472784274,0.173517830016968
"bra",2023,"Latin America",23,1.27509777244897,1.12774796060659,1.43317414670185,0.139215187672271,-0.208202838389468,0.477138294469992,0.136747510969695,0.099355902514483,0.172054564344778
"bue",2019,"Latin America",21,1.42834437003302,1.16941428971869,1.76346643433418,0.161976137488638,-0.188964046297454,0.540332995316854,0.162850136964294,0.117905667813167,0.218563781172414
"bue",2020,"Latin America",40,1.37485582236228,1.21645936824418,1.54403502291695,0.137446075702382,-0.178070920118631,0.449799193485935,0.140643560258386,0.103509797026441,0.177330426722093
"bue",2021,"Latin America",51,1.35833475822378,1.25451236884784,1.46660719828225,0.161430352777544,-0.13532041239537,0.492915889962356,0.152014039538579,0.11512698018794,0.187744321324938
"bue",2022,"Latin America",59,1.30505810914398,1.21937462132855,1.39809590777343,0.147897926837206,-0.144669511797691,0.438120307795126,0.146531777845584,0.107555937734849,0.182448873991282
"bue",2023,"Latin America",60,1.36139705499575,1.25267598933945,1.47687058567365,0.147110520831787,-0.177443531898423,0.467444294259087,0.153205212185433,0.112813319851762,0.191104109991244
"cai",2019,"Africa",38,1.36742759233583,1.20783304484978,1.57208169448456,0.678764537008296,-0.672277419432901,2.09282674596278,0.646596013753297,0.488655556328833,0.813347545414338
"cai",2020,"Africa",38,1.42354748941263,1.24117001970788,1.60838971717479,0.6529755567185,-0.721729426799084,2.02162144719378,0.666492563767435,0.504685052743604,0.855884949545706
"cai",2021,"Africa",53,1.34716243129387,1.22633120696492,1.46617844867274,0.682275880437854,-0.739774936413874,2.09842468404956,0.668797513900653,0.502171930210775,0.842190213439464
"cai",2022,"Africa",48,1.47510685112665,1.32710374326772,1.62410700837015,0.773346859273057,-0.854800186279066,2.28112715201394,0.761390095444688,0.55371826314839,0.972515143740264
"cai",2023,"Africa",66,1.4891369888275,1.35413192676051,1.63214197742872,0.731909564508095,-0.931747877548536,2.45528438688085,0.770323362108208,0.578139825972933,0.958280266284341
"cal",2019,"North America",17,1.02571679065439,0.824131080176085,1.25904277292039,0.0367429689196713,-0.0497263482020046,0.13033498214781,0.0386266852483412,0.0275501390063792,0.0515332098648925
"cal",2020,"North America",19,0.929389193540436,0.777005400164371,1.07634832529039,0.0336041849162962,-0.0367358305512676,0.105903235983849,0.0329812374930317,0.0233670135562052,0.0422901809249249
"cal",2021,"North America",26,0.904945785883687,0.750570742761664,1.071690186841,0.0311989832799057,-0.0388201459001021,0.0954871819974715,0.0330497008014989,0.0232014666705648,0.0421620694865239
"cal",2022,"North America",22,0.984142497029386,0.879213403020027,1.10668077516151,0.0372470075974106,-0.0362897501682197,0.11114840093199,0.0361686879333821,0.0266117008970769,0.0453014112898894
"cal",2023,"North America",36,1.25589425148078,1.04751573224397,1.48278877742658,0.0463438431913034,-0.0501438257491022,0.144091932302946,0.046581394749262,0.0331285448254371,0.0600005463088063
"cdu",2019,"Central East Asia",9,1.21015298112833,1.03149636884548,1.37387543167759,0.485747728203486,-0.393200633612344,1.39353332379823,0.490237741782951,0.360702995771402,0.638535511972659
"cdu",2021,"Central East Asia",7,1.15210778518634,0.886100898125925,1.44334821806168,0.439347266328795,-0.390266276700689,1.34603834725354,0.468184243747401,0.332606490255776,0.640183434650287
"cdu",2022,"Central East Asia",5,0.997202321767303,0.558731719316545,1.38359544167728,0.400626555129661,-0.339285313122582,1.15329109453951,0.406238266438695,0.215063804482994,0.599638207789355
"cdu",2023,"Central East Asia",12,1.33463604199068,1.06974473393935,1.58435361541127,0.550136293502496,-0.426464894704041,1.60215050503892,0.541692816761807,0.380179848997837,0.722567534086508
"che",2019,"South & West Asia",8,0.815501868082328,0.637977604958211,0.989655432511596,0.252627033793012,-0.329661728157539,0.861318063507864,0.253318581516772,0.174220755969777,0.335221405458796
"che",2020,"South & West Asia",7,1.03455018919564,0.818958317279494,1.25566717080284,0.347185470976711,-0.442556279129936,1.09173976634534,0.319314824655377,0.220895744273418,0.429371113487298
"che",2021,"South & West Asia",14,0.994698710563096,0.900641605989837,1.10612604529853,0.322037076390407,-0.377030803028272,1.07562412763238,0.314458084811775,0.233746069336084,0.396933797516975
"che",2022,"South & West Asia",11,1.12522328302109,0.981462180267829,1.27594695157412,0.346715379105762,-0.444398185740047,1.17590563561074,0.35951829312116,0.266918391013068,0.462204570284166
"che",2023,"South & West Asia",21,1.01060072601871,0.902673494881292,1.14085967226563,0.315668505470217,-0.417790402916143,1.07268191762784,0.321759677448353,0.24672949225512,0.416382405957828
"chi",2019,"North America",11,0.953304400808143,0.822697769396623,1.07984476350415,0.352055159618158,0.0618102592544331,0.64311598810906,0.352319957593727,0.260026104112191,0.458531538563292
"chi",2020,"North America",9,0.944125085543968,0.705302890039446,1.22822468440195,0.303358096121122,0.0378002006894998,0.61354840074771,0.303700232598713,0.20817801111339,0.424323797956692
"chi",2021,"North America",11,0.930178027530477,0.756233755814027,1.16996505974124,0.33169430012011,0.0329824522533073,0.675783669028386,0.332877517858156,0.239307586327852,0.449067961002141
"chi",2022,"North America",14,1.06834555086912,0.903829732942545,1.2780299293998,0.395957715146736,0.0977443316257388,0.720310130431952,0.387323925676552,0.278833779894004,0.513498632027683
"chi",2023,"North America",24,1.06485517571901,0.891293618452399,1.22069827281004,0.396265535217128,0.0746614775243369,0.754102470814893,0.382075109708005,0.273367210136306,0.491838325642167
"cho",2019,"Central East Asia",7,1.32609295520709,1.03368013531255,1.76218957271047,0.590559046534933,-0.491815637555172,1.68518966474025,0.570273270679293,0.393830352585256,0.812755536746012
"cho",2020,"Central East Asia",6,1.14386355059538,0.88131999521438,1.47081446366921,0.492980698469271,-0.413289904698953,1.40145190700772,0.494168978139468,0.340243402400461,0.689127125875864
"cho",2021,"Central East Asia",8,1.13870761163145,0.860117068372307,1.4311235231262,0.483982311960489,-0.51103479051607,1.52256844080423,0.505154038483662,0.335998888234749,0.699534739002497
"cho",2022,"Central East Asia",7,1.18590498896593,0.949358839644137,1.42466676876719,0.548700608490324,-0.495636097089834,1.6145757465739,0.527833278550029,0.37482484495839,0.691261158748888
"cho",2023,"Central East Asia",12,0.907811601100852,0.79110110184765,1.03769175786562,0.383166261277886,-0.377621097486217,1.14485181501219,0.402474716043856,0.295918545532169,0.520281183706095
"cop",2019,"Europe",8,1.70011339517238,1.24070451588453,2.20278332991719,0.0699762737021091,-0.0181352738524541,0.167070909130589,0.0709561491606129,0.0456663528813821,0.100611409901939
"cop",2020,"Europe",10,1.14206790176258,0.79100456114996,1.68598178155382,0.0418544743486826,-0.0122181905133781,0.105471388758642,0.0431242934033514,0.0273416522658148,0.0684272292208687
"cop",2021,"Europe",9,1.24136313696426,1.02574500787115,1.56317011257468,0.0451813146018015,-0.0102465079487359,0.10514342040622,0.0463882105013651,0.0318376214921335,0.063411891040656
"cop",2022,"Europe",7,1.31278624515818,0.951710727472113,1.64902017453466,0.0500848855974287,-0.0105758560017129,0.116062144761791,0.0483454855214459,0.032162850387632,0.0673836897176208
"cop",2023,"Europe",33,1.20337747064001,1.01940098893892,1.42556205123943,0.0451989520056076,-0.00996780719097184,0.104403584199008,0.0452135526626024,0.0323578380465007,0.05859553418965
"cpt",2023,"Africa",10,1.53926842684676,1.26582134638358,1.85561938215515,0.306238398349562,-0.276112721820206,0.936484028441702,0.293678222636214,0.207353937467133,0.38664664061688
"cur",2019,"Latin America",26,1.1246642079854,0.983559006116258,1.27599499817112,0.107474524758137,-0.147437492476454,0.35793546262683,0.104537013313599,0.0771632667129167,0.132976131441171
"cur",2020,"Latin America",42,1.04076964251062,0.930077318587134,1.16196115947393,0.0962126811993584,-0.146412387988996,0.315814404321438,0.0978264733779126,0.0715739029201294,0.123309975439063
"cur",2021,"Latin America",34,1.01798900674171,0.936459830370339,1.10643561838273,0.102874676816779,-0.123477665202067,0.331535010325765,0.0986870684568604,0.076007381767173,0.121899532602352
"cur",2022,"Latin America",20,1.0655897819934,0.939447247333255,1.19899728957358,0.106738245225874,-0.120609284089647,0.36179250871083,0.102954669253603,0.0772667664366905,0.128995377163423
"cur",2023,"Latin America",43,1.08256268287068,0.991505717839243,1.18329882082815,0.104678297663688,-0.146922100283381,0.34514968991223,0.104516988310132,0.0764907736584222,0.131121876287153
"dc",2019,"North America",8,0.996880801099652,0.81430019923558,1.22820892378876,0.234876927195863,0.0416087116109529,0.460050262592071,0.229536092838004,0.163052708371454,0.308121986997993
"dc",2020,"North America",14,1.15130783694694,0.928098480103948,1.41702716706153,0.237772858556906,0.0347404080663491,0.46071357766631,0.235783762227291,0.163993004866539,0.317002464707318
"dc",2021,"North America",22,1.0860627285577,0.923080760317753,1.27732879679393,0.24635855022091,0.0319425765290197,0.475189220483367,0.246301545459644,0.182430753545605,0.324954095745467
"dc",2022,"North America",21,1.09583577961147,0.95885471967773,1.26629876332926,0.253659481562668,0.023078527657869,0.476972759660901,0.253894631177934,0.189855217820541,0.331367168061264
"dc",2023,"North America",43,1.1211591207786,1.02136204678143,1.23068531565384,0.259193788412354,0.0513301025017262,0.480322793654862,0.259141390098621,0.196775655829223,0.32376673006996
"del",2019,"South & West Asia",44,1.03969357722115,0.943183862896101,1.13286246540171,0.867846040201913,-1.22469599253868,3.01748537713745,0.906129442441376,0.685654253992555,1.14694232957621
"del",2020,"South & West Asia",79,1.05985844974807,0.996084281809085,1.12465014673858,0.989903375424097,-1.31619295642502,3.10176970661689,0.940701270297223,0.702442642715936,1.18095514906591
"del",2021,"South & West Asia",82,1.04764282826634,0.989656769068192,1.10861342578968,0.939494118352374,-1.28674849156263,3.2498486597352,0.943324380673591,0.711853180201992,1.1820738679718
"del",2022,"South & West Asia",76,1.10468911542949,1.04020139464873,1.1702371317593,0.944166629807591,-1.22933302692919,3.38119205498532,0.994635837168479,0.761305216492044,1.22283588111737
"del",2023,"South & West Asia",74,1.24964905041943,1.16414529027012,1.34101587001162,1.08279819937386,-1.36118603825722,3.61086394161123,1.12739919452952,0.839690144221514,1.42508161184683
"det",2019,"North America",6,1.40835772587558,0.958794949140802,1.98294436586689,0.212771703747918,0.0196441192350523,0.445357190515525,0.212056065105708,0.131162435322643,0.318445410353288
"det",2020,"North America",14,0.868991836693417,0.766969638092053,0.984569170669099,0.116685986892095,0.0131749287533354,0.223731016414047,0.115922059434464,0.0851941921102283,0.146720685394196
"det",2021,"North America",14,1.02861566953281,0.906812761597859,1.17124777566089,0.14406663190325,0.021180980403206,0.27150753706745,0.143538482051169,0.107468179373298,0.185701843909681
"det",2022,"North America",16,1.08856318208409,0.977235297190649,1.20070057312229,0.15514746215254,0.024512375085045,0.292236465767691,0.155080464669529,0.115576936852718,0.195341148846692
"det",2023,"North America",13,1.32087799686254,0.976617648428096,1.79667519172934,0.188623110932565,0.0228005554525331,0.380726114699232,0.187381475716257,0.126096834081002,0.275036278665322
"dha",2019,"South & West Asia",48,2.47281180918321,2.16228943071411,2.78911631341719,1.23096457772653,-1.36718906075779,3.57560461052607,1.17733748445251,0.88053719210052,1.48845108159571
"dha",2020,"South & West Asia",56,2.4290943633746,2.14045569623533,2.73597721390023,1.09958541306803,-1.30044152790403,3.53363451685862,1.14972512426718,0.858224605111568,1.46603140246495
"dha",2021,"South & West Asia",64,2.13434024685159,1.88978308365717,2.40630952517149,0.972367974797278,-1.09458306295104,3.04973111673487,0.978824691112635,0.733462432905184,1.2456785518902
"dha",2022,"South & West Asia",73,1.87302054362048,1.66466066563008,2.09589038154548,0.869872338524768,-0.985349409203208,2.79360597302682,0.878915059484558,0.663734692528222,1.12269137702802
"dha",2023,"South & West Asia",67,1.8507736840907,1.67274433397586,2.04448771328965,0.845460012363436,-1.00036696992669,2.59147176416104,0.872431973938041,0.654713297748195,1.1168846503666
"dln",2023,"Central East Asia",6,1.02789636198728,0.76947658924578,1.34673460618277,0.160070959418941,-0.110591931859621,0.476623746514768,0.15938159594759,0.108997164768926,0.225818473904214
"dub",2021,"South & West Asia",7,1.22441774352041,0.93880195049097,1.58716622580587,0.472208350422326,-0.630211637821878,1.47192285751025,0.479608169028843,0.317110104138096,0.677454788097282
"dub",2022,"South & West Asia",5,1.04131566362682,0.923752697357037,1.17290513935033,0.418270320427304,-0.469179449908395,1.328758576087,0.427092916930611,0.319398402835657,0.547610433323755
"dub",2023,"South & West Asia",20,1.54257351610022,1.33061444521804,1.76764450015734,0.605074371805827,-0.659287009131145,1.95235867712526,0.635650626853096,0.472965685010356,0.817464640363388
"dur",2019,"Africa",18,0.938885173077106,0.822645319012847,1.08071483836946,0.181375596494496,-0.198101061647002,0.581669203642008,0.186887640947848,0.139783896316997,0.240827313888903
"dur",2020,"Africa",30,1.12349595774945,0.965542420057045,1.29895382874133,0.195748147847467,-0.241758717528422,0.626371992552271,0.218048717797338,0.161459930249827,0.282571624827394
"dur",2021,"Africa",32,1.02991464959923,0.942466013521191,1.11774468853552,0.196136148945442,-0.22096504674762,0.589856103240618,0.196794727161774,0.145136522354942,0.244259374878918
"dur",2022,"Africa",37,1.11088048327968,1.02778708521246,1.19453738929529,0.203591963546124,-0.232412997727419,0.647991671561311,0.207849439408354,0.155377640706439,0.262771470654944
"dur",2023,"Africa",38,1.22492313717695,1.11043656639992,1.34580289951326,0.224932730236625,-0.203292534454455,0.719410011690584,0.230040615095741,0.168793942559261,0.289709474055102
"fre",2019,"Africa",5,0.694674238157779,0.590587955847334,0.796426447723244,0.0866196640157563,-0.10547302840916,0.292997537648082,0.0895493434805702,0.0645044930853373,0.116400269542671
"fre",2023,"Africa",6,1.00841621790478,0.750061667798273,1.2848456949974,0.135598638635827,-0.150531710150691,0.413272172124303,0.134797082461682,0.0920126007094066,0.18415686829927
"gua",2019,"Latin America",21,1.20424735728306,1.04411152060864,1.39043208106234,0.101070807163209,-0.12959088983769,0.323372525561801,0.1015105432874,0.074258205846716,0.131896073887773
"gua",2020,"Latin America",25,1.20904115501186,1.08048366250111,1.3423649513977,0.08272199046263,-0.0899855466388778,0.267793505550304,0.0846100919642058,0.0637177657511045,0.106483784074266
"gua",2021,"Latin America",24,1.3139022135506,1.14268186108157,1.52116767298101,0.0982902065037296,-0.098903827629074,0.30631391126173,0.0952494917669001,0.0701225501932707,0.123885846620975
"gua",2022,"Latin America",28,1.27603429209064,1.1174001580951,1.44296062095718,0.103265012761749,-0.113095067718334,0.313856204147386,0.103583137800728,0.0764727231501859,0.130992011170819
"gua",2023,"Latin America",23,1.5032513357093,1.35025174059839,1.67148244843191,0.125840470990042,-0.119209144044674,0.389377039410118,0.122191470748695,0.0915247566981172,0.153534235294611
"gzh",2019,"Central East Asia",36,1.16247126212782,1.04105982094653,1.3014687997604,0.516460805926398,-0.508855232172137,1.52952926464465,0.534030854050738,0.409187805895903,0.676437087054542
"gzh",2020,"Central East Asia",25,1.19408753285501,1.00180776099182,1.41875069828722,0.533266145344834,-0.419205077720522,1.48684025021693,0.547416593552144,0.39634351672233,0.731017126888093
"gzh",2021,"Central East Asia",29,1.03861930329339,0.920477481375023,1.19746695652287,0.517746868957965,-0.337114095832505,1.40206127942224,0.48849971251141,0.362761960370993,0.625366835159644
"gzh",2022,"Central East Asia",31,1.01688368419528,0.867007443249587,1.19792362310238,0.472902530941958,-0.444549382190877,1.47201298376449,0.484896634012329,0.354905904840431,0.633159544210734
"gzh",2023,"Central East Asia",29,1.01257606972788,0.894470176683383,1.1882156945887,0.492280881470059,-0.359227937216628,1.37009055233054,0.47952293688189,0.356099961617186,0.617293323427386
"han",2019,"East, Southeast Asia & Oceania",18,0.993416237487834,0.830136280210947,1.1774381754677,0.360526377792227,-0.392400002606796,1.10406034322214,0.354716937371885,0.259332606816236,0.458556445029534
"han",2020,"East, Southeast Asia & Oceania",15,0.879217800871667,0.715826009327414,1.10280954641882,0.324728522495486,-0.368721683592518,1.00559449424896,0.314678590367511,0.222572410711697,0.427372954455023
"han",2021,"East, Southeast Asia & Oceania",22,1.15624525674351,1.00661857460057,1.3376912330811,0.416093904185587,-0.471239404584817,1.32456704283774,0.427849623842247,0.312248414039033,0.553267824650196
"han",2022,"East, Southeast Asia & Oceania",20,1.00841975032439,0.837154988078145,1.19806000528707,0.378562196858853,-0.478623222070005,1.22697249650369,0.395297549582771,0.288340077948737,0.523484435457986
"han",2023,"East, Southeast Asia & Oceania",22,0.99828787003397,0.834556370086603,1.15522601740417,0.394982962321403,-0.321097881742765,1.27903810468306,0.389826938252354,0.280027811907079,0.504154252239861
"hei",2019,"Europe",9,1.42880297042296,1.02968033249827,1.97952725178328,0.224746614584061,-0.0688139650294207,0.535596432174548,0.223728556801531,0.14741065287188,0.330800110727337
"hei",2020,"Europe",27,1.17430675028849,1.04388468195219,1.32069599065838,0.171789581734261,-0.0519172372826731,0.381008416541264,0.172501068819116,0.130698724965521,0.216614470439026
"hei",2021,"Europe",22,1.18266728651203,1.01019592126783,1.40637235280256,0.190153407991211,-0.0312682800465542,0.420505347926237,0.185547847251995,0.138143465165784,0.240850726787764
"hei",2022,"Europe",21,1.58942620540925,1.23930406306423,1.99696610311341,0.244432241025819,-0.0521009386018092,0.572454603879578,0.246429534328573,0.170419727091609,0.336538966375754
"hei",2023,"Europe",28,1.18710075688659,0.975393336853211,1.43534581620393,0.177981005197353,-0.052068087712712,0.424132037473749,0.184972643918921,0.131208605202334,0.244770191013136
"hou",2020,"North America",13,1.20571651803568,1.01247876583894,1.42009115847694,0.163997531766017,0.017935428425104,0.314382471990428,0.168033108230822,0.122864378456898,0.217689117992268
"hou",2021,"North America",15,1.11176581212262,0.98698138121951,1.25378309739186,0.171519839206682,0.0151089819899816,0.32219484550382,0.171326056262142,0.128881570076734,0.216248183343578
"hou",2022,"North America",21,1.19420285949047,1.09336150192778,1.32221564447466,0.192643890707523,0.0320117389060605,0.361659783346357,0.190268894016771,0.141105983241224,0.240655985433527
"hou",2023,"North America",24,1.22114299840424,1.05129868802738,1.46182935943236,0.196115986833314,0.0272968394944622,0.370298939432922,0.195182457734422,0.140283538658657,0.25580485453494
"hyd",2019,"South & West Asia",8,1.02431652966329,0.821771823626322,1.19387446131698,0.24475742818129,-0.337686223066645,0.808235782441172,0.251361728080328,0.18150149599249,0.328289733935986
"hyd",2020,"South & West Asia",15,1.06511881750761,0.960542954112326,1.18331748765829,0.266939190632139,-0.349773010198442,0.848175257803164,0.262984146491837,0.20051386404359,0.331619910742856
"hyd",2021,"South & West Asia",21,1.06152654808282,0.93560873141864,1.19318654017038,0.279980481732431,-0.345898678113182,0.930063256353394,0.268381959580339,0.201109039249848,0.342886591852766
"hyd",2022,"South & West Asia",30,1.04658212775715,0.949256171522653,1.15028400422191,0.283127544179855,-0.318635592208049,0.902099849252703,0.266939376459088,0.200460766517888,0.33527970684199
"hyd",2023,"South & West Asia",39,1.21732969908016,1.11506233711582,1.32425834098465,0.314758112950749,-0.39266041020988,1.05043816103854,0.311750893059891,0.230010851736021,0.392151764294713
"hzh",2019,"Central East Asia",32,0.821391445157234,0.734743219784509,0.917042979373317,0.305851954644214,-0.264202501389071,0.892961284527735,0.313273379434224,0.231423646847118,0.393057714763819
"hzh",2020,"Central East Asia",23,0.927904750412651,0.753399872180037,1.15525791523697,0.358784020591553,-0.326852200873954,1.00426729228721,0.350131946012276,0.245532395817056,0.476639190729264
"hzh",2021,"Central East Asia",31,0.868885849733343,0.780454865255053,0.969292489035206,0.351617661539707,-0.264838064062513,0.950681636223292,0.334328196805851,0.248008727699766,0.422960167773145
"hzh",2022,"Central East Asia",21,0.79532202989251,0.724415622268109,0.86439896939286,0.315966562509452,-0.278425206375995,0.910952402813754,0.30588160481689,0.225939377926795,0.386078071638835
"hzh",2023,"Central East Asia",32,0.904140115135587,0.801628142691508,1.01030566652471,0.344837489385149,-0.28501560648612,1.00994282905439,0.350515185684574,0.254643013187437,0.444985016858874
"ist",2019,"Europe",5,1.68009501314979,1.05765668851196,2.3455739445181,0.239939829527724,-0.245980855310136,0.769746544075601,0.237112559772275,0.137400771961017,0.363394525436815
"ist",2020,"Europe",9,1.10361845937249,0.964378127563028,1.26316724081785,0.167189055044765,-0.198029680137924,0.526778336784572,0.169985616399844,0.124146867853873,0.218856649549477
"ist",2021,"Europe",6,0.989702110452755,0.839790996825633,1.1525044869887,0.163723297634925,-0.185465681416203,0.524092774828762,0.162698134695356,0.11903009349648,0.211840277766361
"ist",2022,"Europe",14,1.10719181134302,0.981181081112099,1.23266827282822,0.188834346152159,-0.173326087067284,0.559158106066494,0.185744880657971,0.13609118889292,0.239345695455333
"ist",2023,"Europe",28,1.43140835944948,1.22490314867406,1.6537784706736,0.233784752441216,-0.276785374434496,0.817645700121549,0.241602258311807,0.173309414543747,0.312887282975418
"joh",2019,"Africa",44,0.81813575573062,0.753625645743706,0.896307739479984,0.642223035890789,-0.633026658868038,1.89033496075178,0.601306096277548,0.456369648776937,0.75116038575285
"joh",2020,"Africa",36,0.870027158383003,0.797335647508507,0.940521106071572,0.579869293288044,-0.678033264328638,1.84286087298545,0.602489062024121,0.444505942732217,0.750977076953245
"joh",2021,"Africa",45,0.915048635958352,0.853542161848967,0.982034492767729,0.610456492986652,-0.768210899686004,2.04289208762252,0.635887183589275,0.474916635598639,0.787318622156783
"joh",2022,"Africa",38,0.956003288602318,0.877794887882891,1.05221825379661,0.656453091107018,-0.785319829188667,2.05670283433759,0.63690702215959,0.482200702319714,0.795302966487818
"joh",2023,"Africa",45,1.04458907001645,0.982112073944095,1.10911871826889,0.693025107527268,-0.746345164230234,2.15386307749774,0.702264250485011,0.536196603756402,0.87877347148703
"kan",2019,"North America",7,0.9607197276343,0.784090329539499,1.20757400299263,0.0697554988688304,0.0089475459317904,0.135037601241293,0.0702900848571229,0.0504078944046835,0.0961652583392123
"kan",2020,"North America",20,0.869417857896626,0.702770676806885,1.07968421184491,0.0561166825763631,0.00466361010789639,0.111704338547895,0.0570923181966823,0.0395797656176295,0.0765244762354822
"kan",2021,"North America",27,0.903414039556857,0.797314001958692,1.01487463984036,0.0634281489259186,0.0058432621249141,0.118438331818799,0.0644101009085501,0.048267247880323,0.0814181231014528
"kan",2022,"North America",28,0.904060618309282,0.805915675599896,1.02212380648085,0.0652469555346551,0.0101578576088604,0.121361648906935,0.0661674173361159,0.0490410445415717,0.0833918800156331
"kan",2023,"North America",15,0.955744109261585,0.845541421295643,1.06822928163716,0.0709969379348026,0.00826177846328561,0.136021635159382,0.0693403916100243,0.0519981358711922,0.0903649798906429
"kar",2019,"South & West Asia",5,2.05288050337604,1.65515579018616,2.46402743083181,0.895097311370023,-0.801585441327413,2.76111741881439,0.865226230731534,0.599821010608094,1.15192166643464
"kar",2020,"South & West Asia",21,1.57666037764543,1.28585821157598,1.89785866779928,0.675602052037403,-0.687880443249596,2.11037196161102,0.676451096481951,0.484969944845975,0.898790173299982
"kar",2021,"South & West Asia",21,1.72160254712787,1.41026128122385,2.03441887657318,0.762974072984177,-0.804729952035849,2.42722792963462,0.756613863700164,0.547102097654839,0.994882529426111
"kar",2022,"South & West Asia",36,1.70774003145681,1.48997089724785,1.95158081505423,0.801623005519463,-0.723204168822958,2.50840069065117,0.748155722980559,0.554674930505722,0.950894932037742
"kar",2023,"South & West Asia",44,1.47175722645563,1.31306315499904,1.62154366587604,0.639952663600539,-0.678575090585971,2.05846625282766,0.640738932963243,0.480040517550213,0.804228668339918
"kol",2019,"South & West Asia",58,0.860755669916822,0.750318725354109,1.01270924865784,0.494298154582995,-0.66726562994464,1.71478934839833,0.527253777904395,0.386620129179569,0.702608632909414
"kol",2020,"South & West Asia",75,0.936410691909203,0.853741890613264,1.03188681960663,0.541403561354237,-0.789549285056857,1.90805672844923,0.575601518492345,0.437662526562434,0.72558567271445
"kol",2021,"South & West Asia",71,0.934268563439106,0.863819005598152,1.01936653539292,0.590417002715341,-0.759266856015733,1.91068329318416,0.589021370605924,0.436198724141665,0.745478523642263
"kol",2022,"South & West Asia",79,0.954690419879298,0.894863535738262,1.01680375964518,0.656211369992456,-0.704152918907939,2.06285286099734,0.607883587981119,0.461399899008579,0.763380956017964
"kol",2023,"South & West Asia",82,1.02638265628766,0.946479135767843,1.10700762623536,0.658808434084716,-0.907859562303999,2.20414101270505,0.654555169849634,0.491021442292739,0.818578664641896
"kyi",2019,"Europe",6,1.08132904059738,0.930790005005684,1.26858062054659,0.0772295190067807,-0.0838126097976429,0.245130510072991,0.078026199495443,0.0572126665685656,0.101183988513142
"kyi",2020,"Europe",15,1.32352609617429,1.05865440465739,1.62209848009634,0.0944848000141619,-0.101983266629358,0.319205366996382,0.0975654600373356,0.0670085463130074,0.131901047555739
"kyi",2021,"Europe",18,1.33993913293965,1.12235719512725,1.58046289977906,0.0919260851095374,-0.104203203341363,0.282326479326309,0.0918231966989286,0.0665518492767733,0.120057207944326
"kyi",2022,"Europe",12,1.05120901102938,0.879334003244926,1.29150631405232,0.0605026985706076,-0.0775744924896494,0.204613117765087,0.0628033325685413,0.0449888077702622,0.0841559311402779
"kyi",2023,"Europe",23,1.53743843480762,1.14297287904075,2.25697136977128,0.0924457604742608,-0.10365122259534,0.300320824609191,0.0916819338457479,0.0598161976357259,0.142679030091141
"la",2019,"North America",36,1.29469747629405,1.13243693355011,1.46922044117133,0.281031731733062,0.0186263944774274,0.53766952453762,0.287114100223093,0.21053806684189,0.371741873522949
"la",2020,"North America",44,1.1727029212786,1.06508167195552,1.28115225970074,0.237261805856087,0.0428211615267528,0.444958618887425,0.237722424750674,0.181599158729214,0.294306132396204
"la",2021,"North America",51,1.20751666825896,1.11923761777732,1.30708198402616,0.263962697269302,0.0386305435622868,0.488257644474723,0.268070914410291,0.204716448225214,0.334359162603475
"la",2022,"North America",45,1.32511947210275,1.19484947784263,1.46909828099019,0.298142463261674,0.0332957852133198,0.562582617131737,0.3005651808845,0.22037542705164,0.378429287140001
"la",2023,"North America",57,1.38372300941758,1.29536546597221,1.47904739117473,0.313675497604314,0.0746633429634981,0.589184698420932,0.310820112566046,0.234132979968545,0.392758193170051
"lag",2019,"Africa",5,0.659441081207458,0.570687511920513,0.753764989454154,1.04148741890618,-1.17711879353761,3.36607927286184,1.07628762843427,0.784265851727829,1.39174477658005
"lag",2022,"Africa",5,0.944806549384118,0.836188278013816,1.05650894066967,1.57939057407469,-1.86330080731101,5.01277457196669,1.59524419213508,1.18914633462694,2.03389455860651
"lag",2023,"Africa",5,0.994466021044412,0.84442021965185,1.16244563473223,1.5669532118999,-1.62366521152121,4.97149849956918,1.6789412938542,1.23607332828125,2.19881073860293
"lah",2019,"South & West Asia",29,1.60948452320277,1.45253045264536,1.75931557768778,0.778234477610057,-0.843309696157084,2.33177703866306,0.778854099302715,0.583842371473741,0.975650674368949
"lah",2020,"South & West Asia",71,1.51770635381806,1.40882514452117,1.62903855638691,0.740926609768176,-0.845110640865467,2.35031158677054,0.74179408952392,0.56668855973282,0.93696335800841
"lah",2021,"South & West Asia",54,1.50243364617645,1.40890022656459,1.61212736476346,0.736003029224257,-0.82223838894642,2.27145871187901,0.746413861455477,0.556431897603692,0.920398683737141
"lah",2022,"South & West Asia",58,1.40623493551775,1.31706663058962,1.50441628676629,0.703847739863681,-0.840912960889683,2.2018388045301,0.698623199689774,0.523294207488759,0.877207695416423
"lah",2023,"South & West Asia",50,1.42480107504448,1.32643268717579,1.52398242016609,0.744057950808782,-0.732998009779578,2.32995635141818,0.705751716095554,0.533377102610649,0.881424888545771
"lis",2021,"Europe",16,1.11274451548259,0.932668778023321,1.30751381205349,0.0439421530842166,-0.00859796966894167,0.101516794420683,0.0438448850966237,0.0311994556618834,0.057273092661868
"lis",2022,"Europe",14,1.17949594994871,1.00557958664061,1.36404193036228,0.0452756706373883,-0.0150157706394322,0.104515464337325,0.0464775543306812,0.0340174560832918,0.0598014504708983
"lis",2023,"Europe",34,1.06943117708081,0.969553806388457,1.16522225883813,0.0412985130960396,-0.0117983306378467,0.0940102822991746,0.0424988704650904,0.0313885600531024,0.0526685809461252
"lon",2019,"Europe",9,1.95885605785062,1.00085548116557,3.24945792946211,0.177137109567587,-0.0381430360495805,0.475086530086311,0.176830409855765,0.0832204799760204,0.298508232724018
"lon",2020,"Europe",11,1.1807444718179,0.757925627042765,1.68814868112679,0.100405560151721,-0.0202723454475069,0.24849013119218,0.0975081887771338,0.0580863243572509,0.149300092348681
"lon",2021,"Europe",10,1.44319590825984,0.980153677106696,2.20092756217272,0.113686630221955,-0.0303946403763458,0.292977631269043,0.114496426264411,0.0683718606350076,0.18862837587218
"lon",2022,"Europe",25,1.50949635354172,1.10691432316655,2.09516771953659,0.115453621389505,-0.0296139636802703,0.276169335825586,0.118197570100942,0.0743955734142893,0.17344509696656
"lon",2023,"Europe",27,1.27153969757109,1.0116102971419,1.63120051647706,0.100216320839136,-0.0260378706504672,0.236807134721223,0.0999013300659616,0.069276338902253,0.138025462776841
"lua",2019,"Africa",9,1.11323078181087,0.901116360683874,1.36568724244104,0.405042888515588,-0.45937655191204,1.25701296411454,0.39109927658038,0.281675321292128,0.526222367683167
"lua",2020,"Africa",5,1.20748150101904,0.925960221261247,1.46671677364171,0.396049849024772,-0.449833968954632,1.40273838698886,0.428615523601188,0.294157966183315,0.567246713973591
"lua",2021,"Africa",16,1.07457617510876,0.886830362129885,1.28532038437546,0.38201405779763,-0.420605230784727,1.20244467672796,0.392032571470624,0.287470542540226,0.506248299215231
"lua",2022,"Africa",6,1.28406983363852,1.01223836370134,1.58852249500186,0.467393535841667,-0.444553647163405,1.46500673350384,0.469544241508962,0.322411772749218,0.635393218640025
"lua",2023,"Africa",7,1.46735492055606,0.84698713487022,2.37168124102426,0.509981036836697,-0.643971766343459,1.77338167926096,0.534418023025486,0.289736068299719,0.912731852193199
"mad",2020,"Europe",5,1.28903457805516,1.02154945654771,1.59497515620254,0.0700937452621134,-0.0214707628881079,0.170562729081645,0.0718501947780699,0.0499035576588695,0.096634261983761
"mad",2021,"Europe",11,1.4490451904373,1.0387962659785,1.88446644880766,0.0822799102974274,-0.0232598036694189,0.186804591660376,0.0814740008313774,0.0526530187929383,0.11409087382582
"mad",2022,"Europe",10,1.31300349621909,1.15906958273585,1.46300609581711,0.0736887236263976,-0.0173661688714014,0.163854409539452,0.0734379130543782,0.055529028487569,0.0918149175831803
"mad",2023,"Europe",21,1.29444310509936,1.17979391095034,1.40847280445884,0.0713885430257231,-0.0178401224269913,0.16358939289569,0.0724348501119475,0.0540775093376479,0.0894908909761947
"man",2019,"Europe",11,1.66684701849647,1.04038858120233,2.50327276746887,0.16484583484671,-0.0406011502056946,0.413452157892903,0.16280128699435,0.0966867387268221,0.264348664326447
"man",2020,"Europe",8,1.33640054000117,0.763580072016589,2.17205123590762,0.119546452107334,-0.0252610676396801,0.311417788603159,0.118364190877281,0.0626523073969449,0.196279889363519
"man",2021,"Europe",5,1.12922059293266,0.792090340817046,1.65684804401079,0.0954026732187818,-0.0315081955667886,0.233202592268996,0.0956328381420718,0.061115924597811,0.147456106472717
"man",2022,"Europe",10,1.69057469790184,1.30817653156563,2.07887271008956,0.144525269918408,-0.0406889069635828,0.338634704285643,0.14267180315965,0.0973320888477552,0.194728922541506
"man",2023,"Europe",19,1.33947842120976,1.09971552368299,1.64833538968617,0.11452301354777,-0.0296854101646256,0.260200055511135,0.113131281716555,0.0807561115813919,0.150719917312704
"mel",2019,"East, Southeast Asia & Oceania",8,0.634035344733964,0.333316804002737,0.970779788228944,0.0691615996117444,-0.089234411094724,0.241085362366403,0.0709907031902512,0.0359075780508071,0.113285080272634
"mel",2020,"East, Southeast Asia & Oceania",9,1.10389409805922,0.887357340628088,1.37755940085509,0.113913309843079,-0.131807067425924,0.382126046546442,0.117989903829843,0.0818725925822639,0.157837175227708
"mel",2021,"East, Southeast Asia & Oceania",6,1.34825245093851,0.869579277650005,1.9247143273518,0.150562874252337,-0.168786265473212,0.504873661684537,0.147214400110361,0.0883108705189768,0.22459812298197
"mel",2022,"East, Southeast Asia & Oceania",8,1.26533781248616,1.04453017419012,1.50652636607957,0.1396903590253,-0.159540547358964,0.423658955018314,0.139954175252699,0.10197595284362,0.184179800248464
"mel",2023,"East, Southeast Asia & Oceania",19,1.17349200805198,1.04072611792928,1.3152842574467,0.1295426039912,-0.150600878512364,0.415695404681644,0.130746598151134,0.0944932214248939,0.165792162729054
"mex",2019,"Latin America",21,1.06583299304844,0.962738160179631,1.18365810677798,0.263353012560204,-0.310329167096914,0.85071990096097,0.267718493358885,0.202821544069344,0.337781927036481
"mex",2020,"Latin America",11,1.24893812624261,1.0421684949507,1.45748774732426,0.269270646184666,-0.273723397610072,0.839662312771586,0.267475969451605,0.198388872500056,0.347569263913036
"mex",2021,"Latin America",16,1.11789333966934,0.922417368537132,1.36558613563574,0.24126605085641,-0.250262101700612,0.783668352555033,0.246088206298596,0.17681098195757,0.332432695299029
"mex",2022,"Latin America",14,1.10140640061568,0.895179149058768,1.3520266967824,0.271017265287147,-0.30677921337108,0.828460918586006,0.26196338428868,0.18612476235979,0.354354800323791
"mex",2023,"Latin America",10,1.08978829878374,0.893827064604148,1.30223537806947,0.254766184439707,-0.297844477017572,0.832691276193687,0.259925377616249,0.18401757724193,0.350008664251101
"mia",2022,"North America",5,1.32302103671468,0.861089597332647,1.98007167037189,0.110766338709895,0.0156551013943513,0.229052816247952,0.110570023226883,0.0656866257298198,0.173034376894124
"mia",2023,"North America",10,1.15955361980072,0.911757116923571,1.39942773636947,0.0965036214670276,0.0171787736531681,0.185959425273763,0.0967858370241395,0.0660234946994672,0.131082427206632
"mil",2019,"Europe",7,1.70330989572913,1.00774373189103,2.72144976689521,0.280180169595677,-0.0859850330310536,0.698706821704438,0.27759418910904,0.153660499211768,0.465426818472181
"mil",2020,"Europe",23,1.39359114712293,1.17953553242245,1.62366998186878,0.212953975780866,-0.0609968437893211,0.509553880692584,0.209192756722119,0.149036425452936,0.271725023984387
"mil",2021,"Europe",33,1.43195080185623,1.24952020195376,1.63149725797698,0.217848449167181,-0.0600493292147188,0.507784565064491,0.220339086095841,0.165930252170062,0.28024355803107
"mil",2022,"Europe",25,1.32074216912468,1.16624785677362,1.49113070162261,0.198122012633251,-0.0458098155843794,0.442516488765522,0.199707333217902,0.150273666480078,0.25581570532779
"mil",2023,"Europe",41,1.26404674572502,1.13117684955838,1.40359625990049,0.193514275743628,-0.0489739798082131,0.437323746441108,0.191362650119583,0.141477801013044,0.238704225758576
"mon",2019,"North America",17,1.14392318156588,0.989077405403592,1.3312542593979,0.135371041373827,-0.14526647205367,0.415394315568054,0.134184776051701,0.0996791156905571,0.171451665387534
"mon",2020,"North America",8,1.48414790665774,1.04879151344718,1.9710495042617,0.16379060602757,-0.178852679077326,0.532031924127953,0.16627986992045,0.108017859285613,0.234469693373203
"mon",2021,"North America",21,1.04935318495693,0.90659298229925,1.23636333029151,0.120975510072698,-0.115239845108346,0.386547222293021,0.119293209893074,0.0858630861997653,0.156256549760572
"mon",2022,"North America",25,1.0483359685405,0.901524597267443,1.2063975731034,0.114863608779743,-0.135869398973649,0.360928296316417,0.118948923228845,0.0866826738618564,0.15358999248849
"mon",2023,"North America",27,1.30557985347041,1.15238732382741,1.46518723340758,0.140389488380009,-0.165334653595391,0.455428102496419,0.148275175423773,0.108569900015756,0.188950873505523
"mos",2019,"Europe",14,1.22574384109628,0.99054536921743,1.49690099807163,0.449651342753013,0.222373534188079,0.709978848516665,0.44521423705096,0.316701319092806,0.593330905217273
"mos",2020,"Europe",13,1.18793387261083,0.822805480883049,1.69752245344741,0.412727385769845,0.183931309094543,0.718996024363638,0.411609909828609,0.261797771529973,0.628094283892953
"mos",2021,"Europe",38,1.02973819446788,0.907302678393003,1.19246227628412,0.390036037268976,0.200429893588425,0.578974152932613,0.3909885313823,0.291474918418476,0.505751756390759
"mos",2022,"Europe",31,1.31410012021306,1.12320751620644,1.52491077836068,0.500080404330807,0.238289251700219,0.760940026561478,0.503899965936392,0.369087004701782,0.648288369484136
"mos",2023,"Europe",25,1.1751617930523,0.995048647703116,1.41027020874426,0.451172643493284,0.227811313938904,0.704378284527211,0.451801313874456,0.333184266792332,0.591922848599678
"mty",2019,"Latin America",19,1.07001040239577,0.940735996392959,1.20428372765855,0.130523645552626,-0.122108081988477,0.394146903641122,0.124313794384554,0.0915704670711318,0.158526966978015
"mty",2020,"Latin America",27,1.28729233461224,1.15312269629369,1.41429910398002,0.126342949330343,-0.137347545821733,0.378840881843939,0.125688108658844,0.0930544357661881,0.160323820898221
"mty",2021,"Latin America",22,1.32334796983217,1.18327961845107,1.47615436492967,0.129081299290174,-0.17220578672036,0.415440327869429,0.130598069317003,0.0970134641277035,0.167326782355099
"mty",2022,"Latin America",35,1.13686063002216,1.00657024072482,1.27393775722825,0.125380260064064,-0.160652495382778,0.380345233829147,0.127236244516218,0.0951567530937205,0.161766053451421
"mty",2023,"Latin America",34,1.06405742983491,0.949098806939415,1.17652078194581,0.117667051387385,-0.146878437637255,0.384825563570284,0.119447728374875,0.0892816006213478,0.151535711262959
"mum",2019,"South & West Asia",39,1.05313098291663,0.959748359921707,1.15607009993062,1.03133171473144,-1.49283478218646,3.39742280143096,1.05077715160354,0.797369351200901,1.3351880576679
"mum",2020,"South & West Asia",42,1.17810007355763,1.05954920455024,1.31267297000365,1.15748014209958,-1.44977420166741,3.80383583743038,1.14909339583469,0.862773693748493,1.46036675141018
"mum",2021,"South & West Asia",42,1.26713808052257,1.12933409618597,1.4359534114967,1.35093328232081,-1.74204994544507,4.55476933536648,1.30529120028747,0.98339425550811,1.66831356725052
"mum",2022,"South & West Asia",60,1.15750232765922,1.06848369605586,1.27146115094352,1.2766273361873,-1.47957128753219,4.12998970462367,1.21716702556899,0.928701899880565,1.51562787002473
"mum",2023,"South & West Asia",56,1.15911206956729,1.07138275402466,1.25672055653248,1.25323963401034,-1.34348261528892,4.15563993182191,1.21315902638572,0.897940807437484,1.53841495484487
"naj",2019,"Central East Asia",46,0.52484966718516,0.467317537093046,0.595052813147941,0.497262271201751,-0.353205793218337,1.41604181273971,0.486688217318539,0.361350372300598,0.625592307085712
"naj",2020,"Central East Asia",35,0.625594808215559,0.550848532837591,0.702364267550826,0.599214564032516,-0.521476761800824,1.71052653073818,0.573819924915702,0.419892288421392,0.73112595413581
"naj",2021,"Central East Asia",58,0.524966447823087,0.484701768242395,0.56524665684801,0.532302867483024,-0.373473882548969,1.46371929877001,0.499174388608084,0.3844789308761,0.624798320505177
"naj",2022,"Central East Asia",44,0.56274293478314,0.506801774083708,0.631913373583369,0.554016063535528,-0.436995444381988,1.60987981083245,0.543997580267798,0.409270250613114,0.684335322863602
"naj",2023,"Central East Asia",61,0.701994412871892,0.59989724542559,0.819774412492401,0.654637251653109,-0.657907928212802,1.94151180478361,0.677718401866647,0.494557263337946,0.892794802344035
"nor",2019,"North America",6,1.09536607141904,0.749299673941044,1.49776965186326,0.051903911195587,0.00506791578849732,0.102962435098778,0.0517730441932815,0.0324605028523734,0.0741915860409647
"nor",2020,"North America",17,1.09630007871759,0.94093043471222,1.25344146731386,0.0452372820248759,0.00745935601124352,0.0861032659920738,0.0461399044017709,0.0339563748077284,0.0587999288289145
"nor",2021,"North America",16,1.21188371965296,0.987137577086605,1.44884543562519,0.0577760010616374,0.00736490891019563,0.107560832132326,0.0579509135975687,0.0412088671833898,0.0761182054252493
"nor",2022,"North America",28,1.25234706539662,1.1261714702542,1.40337009181942,0.0631945897103588,0.0111076498740234,0.120117220132881,0.0626305599019716,0.0463123910596475,0.078850820321174
"nor",2023,"North America",20,1.46158011853176,1.16201278865799,1.89937634620803,0.0732645812273495,0.0120019380877848,0.139024208047436,0.0727258285700529,0.0500875143340758,0.102579442412714
"nyc",2019,"North America",11,1.36281074882048,1.00837754701535,1.78082490245551,0.454672022109149,0.0603099689508842,0.931375785069906,0.455978457958061,0.309456824676611,0.626537679175971
"nyc",2020,"North America",14,1.15214591526507,0.934663474720837,1.38744053415724,0.35309508639375,0.0285224980614787,0.656635552172605,0.344497192801662,0.246897603562858,0.45801490857055
"nyc",2021,"North America",14,1.14315236028291,0.90975156783971,1.39369515105454,0.372001326203711,0.0428762522346209,0.741089470091617,0.37947260247181,0.265529606898853,0.511437421579868
"nyc",2022,"North America",32,1.29638962710609,1.0737225247515,1.65973122491214,0.438780513690223,0.0604360714446707,0.853006661559406,0.438113297779663,0.312400306641211,0.603452130265074
"nyc",2023,"North America",40,1.174029997125,1.04526389010863,1.30018794372944,0.393678862843906,0.0407797950064443,0.739157434420882,0.396760447079042,0.295011727006034,0.497868007126908
"osl",2019,"Europe",12,1.32074124049153,0.9708093622186,1.69420014365282,0.0302824267960858,-0.0373765579113064,0.096525724070966,0.0303692741229154,0.0199531235056943,0.0412197412568348
"osl",2020,"Europe",12,1.13739686621777,0.940539586645133,1.40585584652957,0.0277986717939694,-0.0298315586916788,0.0832005427862642,0.0268722413779032,0.019145500822163,0.0357754629012382
"osl",2021,"Europe",12,0.976065533507324,0.841345182911994,1.12609451342923,0.0245339089184645,-0.0233092426871024,0.0737619161008185,0.0235340945039787,0.0167948697342846,0.0300539229130707
"osl",2022,"Europe",14,1.33629950644103,1.10399074010803,1.61535608069088,0.0299690034824815,-0.0429222923937835,0.0974361245854901,0.0315155003824729,0.0223009071102193,0.0411998625602597
"osl",2023,"Europe",20,1.14413667754451,0.932354953118487,1.36494997440337,0.0276021963911174,-0.0280644509441111,0.0831493070326051,0.0275411468571052,0.0193896029518247,0.0365990297099191
"par",2019,"Europe",9,1.62790614495265,0.800077464993318,2.661285871087,0.311449709928989,-0.0454702366893687,0.815478527726818,0.308137593730374,0.143506748294847,0.521950511137536
"par",2020,"Europe",7,1.10366437394981,0.680802031753739,1.57979939222244,0.193152819552093,-0.0671055676880445,0.485703368514612,0.19144425898703,0.110010755879375,0.287893020873106
"par",2021,"Europe",10,1.37384823405251,0.969737982389143,1.95069075471818,0.256289582891492,-0.0609820851354954,0.628426401770172,0.255754876612201,0.165868007104493,0.385525326153382
"par",2022,"Europe",13,1.37062718753726,1.11335523748061,1.63940098756944,0.254834413830675,-0.0459300824292841,0.562717433537016,0.252417488550071,0.175996506055882,0.341348700403049
"par",2023,"Europe",26,1.19994755317751,0.971877426312663,1.51977165773178,0.216066667209663,-0.074036132973694,0.526888875753145,0.218970471699901,0.156371252535382,0.299069332991331
"phl",2019,"North America",10,1.01377362786443,0.787607346069523,1.28650129237538,0.170406662694679,0.0165561485978748,0.337412180189664,0.166831693602449,0.11558593430946,0.230150667714981
"phl",2020,"North America",12,1.29763565249726,0.976681391053641,1.65559510489847,0.190955135184809,0.0195027785630249,0.381775408353426,0.193161065009302,0.13172410662608,0.264459675267346
"phl",2021,"North America",22,1.1231536792736,0.942147611574668,1.31689386168691,0.17909873352944,0.0146748308352048,0.353306413806292,0.183059131273276,0.132709777002775,0.239243740403989
"phl",2022,"North America",27,1.09985619992383,0.979346175054557,1.2420853027242,0.180463470031078,0.0129797053337637,0.343782695690757,0.182794769869222,0.136905520715659,0.232498067207226
"phl",2023,"North America",36,1.20972671632239,1.05674670438992,1.39854337410344,0.200130913534917,0.0174108180644,0.378539291672509,0.200279936507747,0.1497315796817,0.259225922118333
"phx",2020,"North America",6,1.12533330125893,0.850106021044712,1.54166427307556,0.0837629918676773,0.00738715900490261,0.176514527217662,0.0856241352284535,0.0569104456255694,0.128626339985497
"phx",2021,"North America",13,1.33095950336661,1.05301498279093,1.66570212911984,0.109798616632394,0.0134422123990922,0.208564745291554,0.108673680596344,0.0754237557751192,0.150251198044098
"phx",2022,"North America",32,1.13741628661892,0.963726287986937,1.3165389591557,0.0943577412720282,0.0133572576263739,0.180135793701803,0.0952246866102831,0.0674806108764302,0.123244188507999
"phx",2023,"North America",19,1.1374900615006,0.923116377191306,1.31897793377296,0.0969486516880076,0.0161605937295965,0.184513733877498,0.0957678924231653,0.0682149419799773,0.123853197954914
"por",2019,"North America",12,1.29213373456346,0.971259535674605,1.79167622422541,0.10044186954752,0.0176326019883315,0.200587324800035,0.103109659251228,0.0688398022173092,0.151823547373461
"por",2020,"North America",25,1.01220327174538,0.855232577335416,1.22664373263856,0.0711415700686533,0.0091615897668947,0.136204238492972,0.0720075629866832,0.0505841058342006,0.0935746424531718
"por",2021,"North America",28,1.07729293141578,0.91018657657324,1.26400499154916,0.0834085363592262,0.00479375560040745,0.155784513067039,0.0829673858551395,0.0597336555599011,0.106116083904711
"por",2022,"North America",38,0.95675953165175,0.856998100108487,1.06268001713576,0.0752501217855695,0.00846189459918788,0.137173085525373,0.0750168638101317,0.0566293339434315,0.0944142361479945
"por",2023,"North America",42,1.08041965227295,0.944769856641975,1.21976587255043,0.0838053140331681,0.0135900958428085,0.157583852418143,0.084446253961884,0.0622465741685785,0.105215898683603
"qin",2019,"Central East Asia",28,0.608173731473886,0.522583541395062,0.702871305436729,0.111727970088577,-0.0734253261344557,0.322743314549623,0.109667306662666,0.0803150667931455,0.141521912488673
"qin",2020,"Central East Asia",14,0.617032059851086,0.516066225350618,0.715740188567932,0.112845743002662,-0.0979538993867236,0.31338537808805,0.110437551374659,0.0802371871253664,0.143755046985532
"qin",2021,"Central East Asia",23,0.593908696857517,0.495181725536253,0.698179999678681,0.104370305652534,-0.103150878714436,0.302898528661143,0.110076854899546,0.0783003324713632,0.146485774939851
"qin",2022,"Central East Asia",23,0.732417843084841,0.607508983083865,0.859269232861704,0.133011944012911,-0.121378386455847,0.395697634535227,0.135999717799478,0.097416547746578,0.176583744936885
"qin",2023,"Central East Asia",42,0.857056016749045,0.744502912713314,0.97878532355165,0.150507923007153,-0.135630626438781,0.444421358568861,0.15981597533198,0.118754567170764,0.204910296264932
"rio",2019,"Latin America",7,0.957941889989248,0.741539239213671,1.18290250138221,0.278794878644597,-0.421617544767651,0.967949575035241,0.290350023703106,0.19907464947181,0.387756421323634
"rio",2021,"Latin America",6,1.2310068433876,0.809070414143221,1.74315795714588,0.360104731125173,-0.586515886018396,1.47673067509685,0.389818625523734,0.240163070982386,0.58347575505115
"rio",2022,"Latin America",6,1.14114862363286,0.92237043734426,1.41982683538852,0.351311831431828,-0.492372823838052,1.28018087052689,0.345779899049132,0.24692154545698,0.472672289020947
"rio",2023,"Latin America",28,1.43330278765039,1.23239112196812,1.70060705747425,0.433754375506576,-0.553975817763544,1.45879418643968,0.43043610008048,0.319880354032207,0.563989616893247
"rom",2019,"Europe",5,1.03253596373556,0.774342371839473,1.41694327638778,0.16294105684614,-0.0445339070742279,0.403478758821932,0.158189696580346,0.107138330771635,0.228116341767947
"rom",2020,"Europe",20,1.36808188903129,1.15085100313626,1.62188002238931,0.188249186038104,-0.0675956406801192,0.44205540184689,0.19403281580025,0.142297940950674,0.253594845593281
"rom",2021,"Europe",15,1.13932629389475,0.967690078382126,1.33521623399284,0.165649219157441,-0.0303822001291437,0.380842803558628,0.163128939189381,0.120276334317786,0.21512116659154
"rom",2022,"Europe",19,1.31703766710334,1.02591396833719,1.64892722035312,0.186704860140401,-0.0513425730975551,0.431593250294834,0.19032099651306,0.131687063868161,0.263082651070171
"rom",2023,"Europe",21,1.26667490611691,1.05175027021483,1.48104513330544,0.184428179235226,-0.0470120840414662,0.430643327305199,0.181901578670201,0.13291045495203,0.240595096102286
"sal",2023,"Latin America",5,1.27376721134467,0.959191705551376,1.60665909420994,0.118761532155421,-0.174247361096694,0.401784034298447,0.114014854744554,0.077425444390939,0.156307288774716
"san",2023,"Latin America",6,1.16001006105443,0.972846231941474,1.40393127719311,0.164545597243742,-0.178813176408574,0.514208398018065,0.164431577550848,0.12040440860603,0.221778178037504
"sao",2019,"Latin America",32,1.15397146243089,1.02963675886132,1.29852300102055,0.53214466109395,-0.731997857734945,1.85259721975261,0.554930990753851,0.407552044824992,0.700064611422152
"sao",2020,"Latin America",40,1.11094879488559,1.03139022339666,1.20048127683095,0.561207391963146,-0.751629920820546,1.91158202929322,0.533250579499336,0.392238828927986,0.669206457878551
"sao",2021,"Latin America",26,1.16842532938537,1.07919558792762,1.26395024307488,0.531804111432851,-0.800211338981204,1.96113924096958,0.567463084964258,0.420975896242387,0.711151012549037
"sao",2022,"Latin America",27,1.22140443941523,1.10417302008086,1.35360146198154,0.609228943122038,-0.86765304209002,2.08319798988922,0.588530561257538,0.432919016978294,0.75372060351737
"sao",2023,"Latin America",55,1.19582691067989,1.13071363124842,1.26293292196239,0.572156705346807,-0.836513314292908,2.01546869356257,0.57404389921737,0.43277281313094,0.710386140768852
"sea",2023,"North America",10,1.19407021036805,1.00217527738104,1.43789017241355,0.142507082298877,0.0254975589944706,0.272863665527887,0.144362729569805,0.104674724338582,0.191413747526942
"seo",2019,"East, Southeast Asia & Oceania",40,0.841673575137068,0.754820350386165,0.928435546755271,0.836670876253938,-0.696873312130966,2.46936852360202,0.810757072889623,0.604356699462027,1.02609230258248
"seo",2020,"East, Southeast Asia & Oceania",35,0.920275686358009,0.831555160349305,1.01384117307859,0.8081983788177,-0.970611210227195,2.48081913162374,0.833384053497251,0.633033827110787,1.05890181780752
"seo",2021,"East, Southeast Asia & Oceania",27,1.04193169407153,0.924091029224305,1.17261390497341,1.00241312715539,-1.08186733798261,3.13746810107177,0.996752813843155,0.738961156199127,1.25513559748111
"seo",2022,"East, Southeast Asia & Oceania",36,0.976145687252619,0.875541755757577,1.09188082108885,0.855959870518685,-0.997762709409315,2.76722262612717,0.88357394951774,0.663974389002389,1.1175643727744
"seo",2023,"East, Southeast Asia & Oceania",35,1.0339417196446,0.928858185949565,1.14725958830276,0.93805626968839,-0.974047619596392,2.8486015505331,0.940546758859313,0.70088314981748,1.20261287487772
"sf",2019,"North America",7,1.17980555078644,0.94857815121299,1.41481965672366,0.152054424192213,0.0168836380542737,0.298333730148337,0.153348372988014,0.110083032155965,0.204561787854532
"sf",2020,"North America",13,1.00593478233767,0.819702553936883,1.21929637084878,0.119013934472521,0.00962023664417201,0.233627396077869,0.116967793703717,0.0821478853140552,0.157464809063855
"sf",2021,"North America",11,1.12208390005023,0.824248713934378,1.4503449412423,0.146952879816773,0.0168131324671707,0.273284325700253,0.145983364589375,0.0961431082406459,0.206224885124171
"sf",2022,"North America",17,1.29452155183785,1.05057531729135,1.66966423888154,0.171694348569002,0.030071475042069,0.319619355414595,0.172243925488157,0.121244630756083,0.246252303808013
"sf",2023,"North America",42,1.43157034316071,1.25067464707155,1.63397968972883,0.191941715715749,0.0336063390105485,0.354210132504727,0.19115652130974,0.14209785700278,0.241462610853469
"shg",2019,"Central East Asia",28,0.517956078912563,0.446026139346284,0.594847657274561,1.26393836677274,-0.904462541295909,3.62738213471722,1.21319231252007,0.89229607806781,1.5624899349424
"shg",2020,"Central East Asia",19,0.608143965485679,0.512408512419028,0.708489026776625,1.40815006951874,-0.990827586606868,3.97649800952994,1.40917652140553,1.01189369542987,1.83314508333747
"shg",2021,"Central East Asia",31,0.536171007241733,0.478844009741692,0.600181847058364,1.24571650103271,-1.02476228800582,3.51618344397165,1.2405227374447,0.921893706188507,1.56225188661314
"shg",2022,"Central East Asia",22,0.600178387261415,0.531050761492506,0.671451192759656,1.41638453897533,-0.955055854889747,3.83422506500374,1.39318056138816,1.03040575257463,1.7645597214426
"shg",2023,"Central East Asia",45,0.661480763879504,0.594088648282936,0.7407365868563,1.56160059972626,-1.21320513248669,4.35594055999376,1.53626041954342,1.14766180974906,1.9390629195774
"sto",2019,"Europe",8,0.929133484368193,0.603761569288212,1.33053963468029,0.0340811331003484,-0.00835557872360886,0.0829813068481312,0.0341585418559575,0.0203841523280733,0.0511856426822394
"sto",2020,"Europe",14,0.992777026303965,0.852567135669593,1.17447794883162,0.0355428399249021,-0.00884496779500893,0.0784637949627602,0.0349729603882201,0.025421092712966,0.0452710952480099
"sto",2021,"Europe",13,1.06404146755336,0.877754423209218,1.25389529078233,0.0380008465505636,-0.00853271129453291,0.0904470366884277,0.0369915967853213,0.0266794021207332,0.0479766662450713
"sto",2022,"Europe",13,1.17230735137142,0.945541597777346,1.64218497616865,0.0411761379649348,-0.0155466330954201,0.103542805619289,0.0409195936283453,0.0282935151399653,0.0611050394131596
"sto",2023,"Europe",27,1.04428446482797,0.940997654075321,1.15538261734671,0.0374760686865148,-0.00800257941878722,0.0793273277486962,0.0371506839408972,0.0271597401170192,0.0456501095537037
"syd",2019,"East, Southeast Asia & Oceania",6,1.27153241997324,0.722667504338749,1.96207915491792,0.185179063912518,-0.239209395428607,0.665883442069014,0.190095637539559,0.10510262418623,0.308647380896119
"syd",2020,"East, Southeast Asia & Oceania",10,1.09468260863414,0.92777133555153,1.29124571145992,0.164196785490231,-0.177346633466343,0.518803474527232,0.162698789916746,0.120802136962735,0.211580848196778
"syd",2021,"East, Southeast Asia & Oceania",7,1.22555678743301,0.867287907863756,1.6358606139263,0.192668109072675,-0.199314482551319,0.635735417634848,0.186015989904886,0.120282785851828,0.265585934682055
"syd",2022,"East, Southeast Asia & Oceania",5,1.36822687564559,0.964889496228666,1.93181622829597,0.206977729212238,-0.245446266839967,0.664216713754562,0.20751792046468,0.126669178880632,0.319370747050978
"syd",2023,"East, Southeast Asia & Oceania",20,1.35201224431774,1.17746868334155,1.55602392824671,0.204358203467387,-0.240283159539532,0.62527040847826,0.207025632378013,0.150769555091966,0.267210848459629
"teh",2019,"South & West Asia",38,1.63411386633571,1.50785513568186,1.76894748756884,0.14621732582459,-0.13411913301693,0.440759067184356,0.147920964174094,0.107587164474553,0.184128553168553
"teh",2020,"South & West Asia",39,1.60915937925961,1.46117901160037,1.75277345374122,0.142640073309616,-0.148501511669227,0.412628069597518,0.142337057498575,0.104773976042044,0.179803788642154
"teh",2021,"South & West Asia",37,1.55408038885182,1.42502262676282,1.69415491235948,0.140289702506136,-0.149674227103976,0.425237959526974,0.139284509844707,0.102522401750651,0.17509869090426
"teh",2022,"South & West Asia",28,1.66827460544849,1.50803027638263,1.84097471186879,0.154826052717533,-0.169476224068978,0.477381597005235,0.155539750037911,0.117774235237507,0.196099066405705
"teh",2023,"South & West Asia",33,1.51683574819896,1.39874912272262,1.64789674191728,0.145222990621952,-0.142439203905293,0.433209255055222,0.1413712274777,0.107598212229796,0.175801274886933
"tel",2020,"Europe",5,2.03018781017382,1.25392863471026,2.64790489631219,0.0996686730399576,-0.114833195161881,0.315897733653586,0.097555031384948,0.0549640343327415,0.136005289162044
"tel",2021,"Europe",13,1.29230769677857,1.12186081725481,1.50903599279176,0.0653154570358296,-0.0703859050804941,0.202308529054808,0.0635353247151285,0.0471156892075149,0.0833501908565121
"tel",2022,"Europe",18,1.79018217578483,1.41607992268967,2.1758011360094,0.0922240424936777,-0.114607307101762,0.303729183984127,0.0940423629295702,0.0661288171477638,0.125778524510056
"tel",2023,"Europe",28,1.56117847697775,1.35119314306736,1.80502689761154,0.0809671192298108,-0.0916715753169151,0.250346289796039,0.0822934726260942,0.0598251418963571,0.10683388323004
"tia",2019,"Central East Asia",66,0.61092712615559,0.550822005302271,0.682017366313735,0.375587403970373,-0.348137086994409,1.03477598657988,0.38126568241658,0.285533788483287,0.475261093980669
"tia",2020,"Central East Asia",44,0.594097459946623,0.523273517662945,0.670505852427702,0.363269488941111,-0.396567527244153,1.00452331005767,0.36819343479955,0.271678623145564,0.472375559754577
"tia",2021,"Central East Asia",48,0.760207791573603,0.670460154859063,0.861809620065833,0.448427500126936,-0.321449557778888,1.33379871431587,0.456632389923579,0.331661264734511,0.580104704887018
"tia",2022,"Central East Asia",49,0.742241696473353,0.67025713928837,0.822675384224879,0.455965213285913,-0.367528107477098,1.25211740947031,0.448397552445664,0.33316205997122,0.56799783262326
"tia",2023,"Central East Asia",61,0.833096177202207,0.698843291720242,1.01047479684551,0.492840231036431,-0.454784689715229,1.48395838129105,0.510145292077734,0.369143371680199,0.671011380110036
"tij",2019,"Latin America",21,1.37180284700329,1.10119348931396,1.69795439814038,0.108340931877837,-0.124182568945754,0.355512616271452,0.110125945144792,0.077716723398578,0.149520030174718
"tij",2020,"Latin America",30,1.21681134299683,1.07489861263325,1.3727555258523,0.0900803373300135,-0.088503813084819,0.273532186970565,0.0836629790890936,0.0618215195938226,0.105397958622969
"tij",2021,"Latin America",29,1.21245771798048,1.06098901879762,1.37429378292757,0.08616453342182,-0.108102505170171,0.268764059632957,0.0896892400061168,0.065517404430336,0.113219344923684
"tij",2022,"Latin America",31,1.41976701268414,1.24036088901387,1.64122154025241,0.115306099940113,-0.124172488463989,0.362350449712663,0.112031326832387,0.0821200271316992,0.143484769781682
"tij",2023,"Latin America",33,1.50515070656408,1.33864527964922,1.68796221875073,0.123659437812072,-0.128621848629633,0.375182834056352,0.119678995383691,0.090215440103134,0.151047031363645
"tor",2019,"North America",7,0.937709937511941,0.724343497230201,1.20756335420235,0.266903406126978,-0.271630726963659,0.8302407224048,0.250823416423872,0.176279523257625,0.349615826637662
"tor",2020,"North America",14,1.04736041024882,0.851789336839327,1.36808828615109,0.253095528012723,-0.311792667865025,0.86732951984293,0.258308366994568,0.178908276384706,0.360297044359032
"tor",2021,"North America",13,1.03420226656256,0.879642238828993,1.2144725339167,0.268884083678085,-0.296975618389959,0.831429995594349,0.263095443802448,0.191209776159901,0.34550670981879
"tor",2022,"North America",17,1.12791234357115,0.93944073588188,1.32306059110451,0.304960507528052,-0.273282330123268,0.902907487385126,0.289058780848677,0.209272115868192,0.379490231996187
"tor",2023,"North America",27,1.10554572785468,0.940967430090774,1.27734621678438,0.295712690444236,-0.306584098156049,0.855323477948767,0.281955252278466,0.201345927613575,0.366670053176596
"tpa",2019,"North America",5,1.27507522041926,0.968181363351204,1.76200208621799,0.168064904108011,0.0189555686047177,0.336300502512053,0.167297246365821,0.115249053925814,0.244806574044933
"tpa",2020,"North America",6,1.19109065521182,0.879408668262722,1.78769980458885,0.146080486716603,0.0192622603781352,0.300877910376479,0.144380541949627,0.0919431926424854,0.229963573998907
"tpa",2021,"North America",8,1.56608385977063,0.963252539442141,2.50553940617924,0.20508592326677,0.0338135762316755,0.447552567270229,0.205045656815147,0.116023505444814,0.336538431425305
"tpa",2022,"North America",17,1.28175339817413,1.08442908122382,1.51208506183288,0.176802166598084,0.0279444628656231,0.333835686186586,0.175217347792768,0.128537969565636,0.229001748114042
"tpa",2023,"North America",20,1.1282905014344,0.976522029100586,1.33672037141599,0.157916007231904,0.0228272382916632,0.294703260349573,0.153641111085375,0.114168925953712,0.196850492951198
"war",2019,"Europe",9,1.21517445645515,0.900575077144286,1.55187491755812,0.166172466500029,-0.0496127907355259,0.401125235104754,0.169356747780281,0.111388180598011,0.237650203269888
"war",2020,"Europe",11,0.930384699796019,0.709125125576962,1.16830255512874,0.12326764717243,-0.030866272049361,0.296404512421705,0.126062695006277,0.0830979975421471,0.17282260120417
"war",2021,"Europe",17,1.27022820699659,1.0680666665795,1.48486464428068,0.179213353030161,-0.0384406869847572,0.411192582920315,0.181722778634105,0.130364143937579,0.240028710008306
"war",2022,"Europe",12,1.36557472421352,0.932524029831059,1.96429490534571,0.192120486031372,-0.0346813598723004,0.473765703563375,0.188779343743398,0.117050093187624,0.291318854864774
"war",2023,"Europe",24,1.10268372269246,0.909271146867379,1.31370507308962,0.152432294928607,-0.0314826696866731,0.354999826291919,0.153141170985201,0.111184733117129,0.20120648982758
"wuh",2019,"Central East Asia",38,0.698119449497289,0.607832385067373,0.802322495371708,0.503524372348013,-0.453761203112846,1.52330471751273,0.511679227011817,0.378931309676526,0.663173161355994
"wuh",2020,"Central East Asia",20,0.717093087033715,0.598754262976035,0.859083100710653,0.514116128375893,-0.39700344351026,1.51032970952751,0.518860228357353,0.383443426418767,0.689562062731364
"wuh",2021,"Central East Asia",43,0.704409677202596,0.620066940031672,0.80912323227179,0.511310626903727,-0.441668726727617,1.47601559960075,0.523948419206443,0.394303239606257,0.668845517914267
"wuh",2022,"Central East Asia",28,0.661398626222365,0.572755839741919,0.758270436458266,0.474891725834848,-0.440106811951526,1.42726544786933,0.497464919332259,0.369319057415568,0.641109586756225
"wuh",2023,"Central East Asia",29,0.731230723976004,0.633809801151663,0.837578989521369,0.542739674916644,-0.444568255796689,1.51325352381579,0.547926777601064,0.406208830157403,0.705234849489011
"xia",2019,"Central East Asia",14,0.963207226884266,0.866428310191468,1.07962737294746,0.354542047395614,-0.299913045340091,0.993075445208794,0.350414093461453,0.268411655735448,0.44441775709813
"xia",2020,"Central East Asia",14,0.853036322411001,0.753782592333925,0.997184994829809,0.31588294294634,-0.258066216176159,0.900122614555598,0.307062552507717,0.225770306385144,0.400899820191616
"xia",2021,"Central East Asia",15,0.898359758806551,0.746806423302954,1.0472226808576,0.326745157549216,-0.295774414143235,0.967438823564645,0.332390068781237,0.239697867712035,0.433350098592158
"xia",2022,"Central East Asia",22,0.894459117816263,0.757393667465496,1.02379413384776,0.327093718569748,-0.282658396772363,0.959561109879881,0.329536945198193,0.235953829308395,0.417555676190792
"xia",2023,"Central East Asia",24,1.07489978215896,0.925820262592979,1.23584077822254,0.395841938321249,-0.322649439963374,1.15264405874343,0.398309944030213,0.292215744245799,0.510483219124208
"yok",2019,"East, Southeast Asia & Oceania",19,0.771565273374325,0.641420290296055,0.916988092315892,0.714690162932118,-0.678864553893384,2.23558709383475,0.702202085251133,0.512178091707991,0.902472467086821
"yok",2020,"East, Southeast Asia & Oceania",20,0.885338990515113,0.735218276057078,1.06057593217735,0.723411127423565,-0.812701981165558,2.16967016263317,0.71200206595551,0.511244362501152,0.934254227039305
"yok",2021,"East, Southeast Asia & Oceania",30,0.910484515534688,0.823092008581362,0.999725128135322,0.744771714573825,-1.04161390907176,2.45489808336897,0.802561918418583,0.602068369052914,1.0270302007313
"yok",2022,"East, Southeast Asia & Oceania",18,0.962078329364376,0.869271816433266,1.06279493566913,0.845191149910712,-0.809097165204968,2.50743386455115,0.810444058076451,0.610010875686743,1.0270254471691
"yok",2023,"East, Southeast Asia & Oceania",41,1.051936864499,0.953407452433162,1.14140556632407,0.92543989853565,-1.01961825637241,2.77008203061563,0.891803218010081,0.670694484594054,1.1117783368752
